,orderID,Customer_ID,Product_ID,quantity,date
0,9914432,1000001,P00069042,1,2020-12-29
1,1676537,1000001,P00248942,3,2017-03-27
2,8910457,1000001,P00087842,1,2017-08-20
3,5044982,1000001,P00085442,1,2019-03-03
4,4176351,1000002,P00285442,1,2018-07-11
5,2788984,1000003,P00193542,2,2019-03-24
6,6390125,1000004,P00184942,1,2018-03-19
7,9124731,1000004,P00346142,1,2017-08-07
8,3737449,1000004,P0097242,2,2020-07-31
9,6615900,1000005,P00274942,3,2018-04-04
10,9964587,1000005,P00251242,3,2015-02-05
11,3981186,1000005,P00014542,1,2020-03-16
12,7813840,1000005,P00031342,2,2018-02-23
13,6548299,1000005,P00145042,2,2018-07-15
14,2637103,1000006,P00231342,3,2015-01-11
15,5477016,1000006,P00190242,2,2015-04-13
16,5332271,1000006,P0096642,2,2016-09-26
17,6342286,1000006,P00058442,1,2018-02-24
18,4239459,1000007,P00036842,1,2016-09-09
19,1398497,1000008,P00249542,2,2017-06-23
20,3886900,1000008,P00220442,1,2015-06-09
21,7356700,1000008,P00156442,3,2015-08-16
22,6421163,1000008,P00213742,1,2017-10-23
23,6242323,1000008,P00214442,1,2015-02-08
24,4255837,1000008,P00303442,2,2015-12-28
25,9667412,1000009,P00135742,1,2017-07-19
26,5657685,1000009,P00039942,3,2020-02-04
27,7429602,1000009,P00161442,1,2018-02-07
28,4975873,1000009,P00078742,3,2016-09-24
29,9013292,1000010,P00085942,1,2016-03-07
30,7870278,1000010,P00118742,1,2018-10-06
31,3759526,1000010,P00297942,3,2016-08-04
32,2475478,1000010,P00266842,2,2019-05-23
33,7238712,1000010,P00058342,2,2016-11-26
34,5206664,1000010,P00032442,1,2016-04-11
35,7774004,1000010,P00105942,3,2016-11-06
36,3615466,1000010,P00182642,1,2015-11-01
37,9302230,1000010,P00186942,3,2015-12-28
38,8364072,1000010,P00155442,3,2016-08-12
39,6925801,1000010,P00221342,3,2017-01-29
40,6027996,1000010,P00087242,3,2017-03-15
41,5399196,1000010,P00111142,3,2018-03-24
42,4023995,1000010,P00259342,1,2015-08-08
43,7030390,1000010,P0094542,1,2016-11-15
44,2831468,1000010,P00148642,2,2016-07-04
45,1818442,1000010,P00312142,3,2016-02-22
46,2893448,1000010,P00113242,2,2018-03-27
47,1486110,1000011,P00192642,3,2019-12-24
48,5843278,1000011,P00110842,2,2019-12-31
49,5559833,1000011,P00189642,3,2018-12-25
50,8432076,1000012,P00304242,1,2020-08-15
51,4900338,1000012,P00365242,2,2018-11-04
52,7279354,1000013,P00129542,1,2020-09-27
53,2640947,1000013,P00140742,2,2018-02-24
54,5676533,1000013,P00182342,2,2017-10-26
55,2953293,1000014,P00276642,3,2018-03-26
56,1323018,1000015,P00334242,2,2015-10-28
57,1166982,1000015,P00247542,2,2019-03-24
58,7822842,1000015,P00338442,2,2015-02-25
59,4530551,1000015,P00275142,2,2016-10-01
60,3915008,1000015,P00333042,1,2017-09-19
61,4394437,1000015,P00166242,3,2015-07-04
62,1193955,1000015,P00161942,1,2020-12-23
63,2463094,1000015,P00348242,2,2015-12-07
64,4202698,1000015,P00042142,3,2015-08-13
65,3997040,1000016,P00244242,2,2017-01-02
66,2429316,1000016,P00217742,2,2020-12-23
67,5908278,1000017,P00019342,1,2018-12-28
68,9715261,1000017,P00100642,3,2018-12-23
69,3107006,1000017,P00073842,1,2018-05-20
70,5892767,1000018,P00366542,1,2015-04-22
71,5813439,1000018,P00190742,1,2020-07-20
72,7571281,1000018,P00151842,3,2017-09-11
73,8162123,1000018,P00112642,1,2016-10-12
74,4006095,1000018,P00118442,1,2019-06-07
75,3330220,1000018,P00034442,2,2020-10-30
76,6257619,1000018,P00222242,3,2020-12-02
77,3202828,1000018,P00118342,2,2016-09-17
78,2329756,1000018,P00324742,1,2015-10-13
79,5013370,1000018,P00190042,2,2016-05-14
80,7716321,1000018,P0094142,2,2019-11-07
81,6412675,1000018,P00138542,3,2017-11-29
82,8687100,1000018,P00158542,3,2016-09-30
83,5924033,1000018,P00157542,1,2015-01-15
84,9854363,1000018,P00044142,1,2017-06-24
85,4475756,1000019,P00112542,1,2020-03-09
86,6277318,1000019,P00339542,1,2018-06-16
87,4960693,1000019,P00127842,3,2018-10-25
88,5769746,1000019,P00125942,1,2018-07-11
89,1346842,1000019,P00251342,1,2017-04-12
90,3753712,1000019,P00249642,2,2017-04-17
91,7528576,1000019,P00124842,1,2019-12-15
92,3607386,1000019,P00250642,3,2018-06-20
93,6656451,1000019,P00058142,3,2018-06-09
94,6992737,1000019,P00117442,3,2016-11-04
95,8717517,1000019,P00251642,1,2019-10-22
96,2362994,1000019,P00244842,3,2017-12-16
97,9305850,1000021,P00220242,3,2020-02-15
98,3290197,1000022,P00351142,2,2016-07-27
99,2911035,1000022,P00213242,2,2015-11-30
100,2655804,1000022,P00195942,2,2016-12-06
101,4640786,1000022,P00115642,2,2016-11-05
102,6497468,1000022,P0098242,1,2016-02-03
103,3403033,1000022,P00262242,2,2016-06-29
104,4978092,1000022,P00258742,1,2017-04-10
105,5153123,1000022,P00218242,2,2017-09-11
106,5093212,1000022,P00021742,2,2019-08-11
107,5431827,1000022,P00313042,2,2018-02-27
108,8783079,1000022,P00133742,3,2020-07-17
109,5627125,1000022,P00077042,3,2016-09-28
110,8729958,1000022,P00280542,1,2018-02-07
111,6088791,1000022,P00225842,2,2017-09-14
112,6019560,1000023,P00278942,1,2015-05-30
113,6570931,1000023,P00004742,1,2018-11-16
114,8449823,1000023,P00198042,1,2016-12-10
115,1165992,1000023,P00177442,3,2016-06-27
116,5982360,1000023,P00000642,2,2020-12-05
117,8955595,1000023,P00288942,2,2017-06-27
118,1070814,1000023,P00270942,1,2016-06-21
119,9355042,1000023,P00345842,2,2016-05-09
120,1179185,1000023,P00032042,1,2019-08-04
121,6740123,1000023,P00313042,2,2019-11-04
122,7911253,1000023,P00112342,1,2020-04-28
123,7208822,1000023,P00031842,2,2015-08-26
124,9445879,1000024,P00346642,1,2015-11-25
125,5504667,1000024,P00205642,2,2018-01-09
126,1060700,1000024,P00248942,3,2017-01-17
127,9515434,1000025,P00206442,2,2017-10-28
128,6643818,1000025,P00046742,1,2015-06-21
129,6778337,1000025,P00120042,3,2018-12-04
130,3012084,1000026,P00043242,3,2018-06-15
131,7978627,1000026,P00057242,3,2019-11-09
132,5826510,1000026,P00022842,2,2017-06-06
133,7778289,1000026,P00252042,1,2017-08-13
134,7014704,1000026,P00042242,1,2017-01-24
135,9093365,1000026,P00059542,1,2017-05-16
136,9923412,1000026,P00346642,3,2019-11-18
137,5243922,1000026,P00021242,1,2017-05-05
138,6293420,1000026,P00023042,2,2016-04-30
139,6667435,1000026,P00144242,3,2020-03-27
140,5806182,1000026,P00101342,2,2017-10-27
141,3705357,1000026,P00289342,3,2019-10-19
142,2515928,1000027,P00281742,3,2017-01-06
143,2230012,1000027,P00266642,1,2017-11-09
144,1469091,1000027,P00323742,2,2018-10-17
145,3513309,1000027,P00116342,2,2017-10-04
146,6686143,1000027,P00117142,3,2020-02-13
147,4231384,1000028,P00084442,1,2016-09-01
148,7884803,1000028,P00331542,2,2015-06-02
149,5758971,1000028,P00118742,1,2020-02-13
150,5491720,1000028,P00178942,1,2017-11-05
151,5828371,1000028,P00026042,1,2018-04-16
152,5974638,1000029,P00233542,1,2018-03-21
153,5994383,1000029,P00127242,1,2016-08-15
154,4454210,1000029,P00349942,3,2018-08-02
155,5227702,1000029,P00303342,1,2018-11-19
156,6701436,1000030,P00051442,3,2015-05-22
157,6136185,1000030,P00275642,3,2016-08-15
158,8305773,1000030,P00278642,3,2015-10-21
159,1004219,1000031,P00117442,1,2018-12-19
160,2985744,1000031,P00322042,2,2019-04-11
161,9288128,1000031,P00216342,1,2020-06-17
162,3513226,1000031,P00329342,1,2019-03-29
163,8550232,1000032,P00332342,2,2016-07-07
164,5758113,1000033,P00285442,1,2015-02-28
165,3913609,1000033,P00111742,3,2016-07-30
166,8497642,1000033,P00293742,3,2016-07-24
167,6543255,1000033,P00032842,1,2016-11-11
168,1368245,1000033,P00216142,3,2018-10-04
169,8521264,1000033,P00001642,1,2016-03-16
170,6153616,1000033,P00351842,2,2016-06-05
171,3875471,1000033,P00145442,2,2015-12-10
172,2847331,1000033,P00344242,3,2016-11-30
173,5893624,1000033,P00327242,1,2016-03-09
174,4091660,1000033,P00241142,1,2016-03-10
175,7231623,1000033,P00219242,3,2017-11-02
176,3723382,1000033,P00057342,1,2015-09-11
177,3245572,1000033,P00165742,2,2019-01-30
178,7723461,1000033,P00154642,3,2020-12-29
179,5952015,1000034,P00192942,3,2018-12-02
180,4475543,1000034,P00247042,3,2020-12-27
181,9646096,1000034,P00150542,1,2015-12-17
182,4625954,1000034,P00347142,1,2020-02-17
183,8446278,1000034,P00326742,3,2016-01-18
184,7691600,1000034,P00085942,1,2020-12-20
185,9111538,1000034,P00330442,3,2016-02-14
186,9996158,1000034,P00327842,3,2016-07-03
187,7826478,1000034,P00218342,1,2016-12-04
188,6133776,1000034,P00259042,2,2019-10-26
189,7765690,1000035,P00102542,1,2017-06-28
190,5508334,1000035,P00285442,2,2020-02-18
191,8290611,1000035,P00121142,2,2017-07-22
192,1177613,1000035,P00228242,1,2017-05-05
193,2851007,1000035,P00129542,2,2020-09-24
194,7113913,1000035,P00309542,1,2020-07-13
195,5479818,1000035,P00106742,3,2018-04-30
196,1077840,1000036,P00102642,3,2015-07-22
197,5482540,1000036,P00127442,3,2020-10-11
198,9917856,1000036,P00345642,2,2020-09-21
199,3727426,1000036,P00357842,1,2017-07-25
200,5091411,1000036,P00115342,1,2018-06-02
201,6565184,1000036,P00174442,1,2020-06-30
202,9545461,1000036,P00282642,2,2020-01-31
203,1627051,1000036,P00150542,1,2016-10-11
204,2530458,1000036,P00037142,3,2020-05-23
205,2833888,1000036,P00192042,3,2017-12-28
206,6863557,1000036,P00197542,1,2015-08-24
207,3298589,1000036,P00048742,2,2018-02-25
208,5194117,1000036,P00110142,1,2015-02-01
209,6465039,1000036,P00120842,1,2019-10-10
210,3530989,1000036,P00267742,1,2017-05-09
211,2542911,1000036,P00086442,3,2020-12-02
212,3059622,1000036,P00331842,3,2015-02-05
213,2248353,1000036,P00288642,3,2018-01-12
214,4293644,1000036,P00318742,2,2017-06-13
215,2302197,1000036,P00028442,1,2017-11-25
216,6399650,1000036,P00208342,3,2017-06-25
217,4981859,1000036,P00193542,1,2018-08-25
218,8785290,1000036,P00277442,1,2020-01-12
219,3760243,1000037,P00085242,2,2016-03-02
220,1654048,1000039,P00279442,1,2020-08-16
221,5096019,1000039,P00351142,3,2018-04-11
222,2369796,1000041,P00235242,1,2018-10-14
223,3852662,1000041,P00251542,2,2020-02-05
224,9819520,1000042,P00046742,3,2017-06-15
225,8611317,1000042,P00003242,1,2019-09-28
226,2737154,1000042,P00221542,1,2019-09-25
227,1391068,1000042,P00142142,1,2016-02-10
228,5539571,1000042,P00044442,3,2015-12-24
229,9721531,1000042,P00147742,3,2019-02-15
230,7675106,1000042,P00030942,2,2018-04-22
231,6843883,1000042,P00288042,2,2018-02-28
232,5159404,1000042,P00313142,2,2019-08-27
233,6183819,1000042,P00195442,2,2020-06-14
234,3626345,1000043,P00255842,1,2015-05-11
235,6739391,1000044,P00112142,3,2017-01-30
236,9783902,1000044,P00120342,2,2020-06-06
237,3930539,1000044,P00110542,3,2020-06-28
238,4554021,1000044,P00279942,3,2018-02-09
239,3449745,1000044,P00303742,3,2019-10-09
240,7446961,1000044,P00140742,3,2020-10-10
241,4834071,1000044,P00190042,1,2018-02-12
242,5584613,1000044,P00316742,2,2015-08-22
243,2165747,1000044,P00233542,1,2019-07-27
244,5662978,1000044,P00115242,1,2017-06-26
245,2970392,1000044,P00338442,3,2018-10-13
246,4298224,1000044,P00302842,3,2020-12-11
247,6975621,1000044,P00124842,1,2019-08-24
248,1131796,1000045,P00066442,1,2019-09-15
249,4810100,1000045,P00273442,3,2019-10-04
250,2278239,1000045,P00210142,1,2018-08-29
251,6508983,1000045,P00212542,1,2016-08-02
252,9324279,1000045,P00321742,1,2016-02-12
253,4143478,1000045,P00020042,3,2019-06-02
254,6618720,1000045,P00051942,1,2017-09-17
255,2984537,1000045,P00251342,1,2015-01-06
256,4033527,1000045,P00303542,2,2018-10-02
257,5618958,1000045,P00228142,2,2020-06-16
258,8370934,1000046,P00123142,2,2016-01-24
259,9639078,1000046,P00079542,3,2019-03-27
260,1363199,1000046,P00103142,2,2017-10-19
261,8917196,1000046,P00305542,2,2019-03-08
262,6955749,1000047,P00031042,3,2016-10-06
263,9240879,1000047,P00260042,3,2020-04-23
264,8665414,1000048,P00055642,1,2018-01-06
265,1641801,1000048,P00312742,3,2018-05-06
266,9536067,1000048,P00010742,3,2016-09-23
267,4510940,1000048,P00147742,2,2019-08-23
268,6322705,1000048,P00303742,1,2018-12-25
269,9901771,1000048,P00223242,3,2016-04-26
270,7095245,1000048,P00114942,1,2015-01-31
271,6218263,1000048,P00277442,3,2017-04-05
272,5295497,1000048,P00183242,2,2016-02-07
273,4420767,1000048,P00030842,3,2019-06-24
274,2871528,1000048,P00220142,3,2019-06-25
275,3122781,1000048,P00130442,1,2016-05-25
276,5509525,1000048,P00323042,1,2018-08-05
277,9474933,1000048,P00344742,2,2020-10-16
278,8563159,1000048,P00182442,1,2015-08-19
279,7027792,1000048,P00015342,3,2018-12-14
280,4704029,1000048,P00113242,2,2017-08-24
281,2627128,1000048,P00288042,2,2017-01-20
282,2551388,1000048,P00103042,3,2018-11-06
283,8930284,1000048,P00187842,1,2020-06-21
284,2295361,1000048,P00162442,2,2018-02-16
285,9089416,1000048,P00078542,1,2017-01-21
286,8020632,1000048,P0094142,3,2017-09-29
287,6129503,1000048,P00324442,3,2020-09-21
288,5371394,1000048,P00041642,1,2020-09-25
289,6609274,1000048,P00050542,3,2015-09-30
290,1781201,1000048,P00006442,2,2015-11-01
291,8765702,1000049,P00051442,1,2020-03-26
292,3797130,1000049,P00350942,2,2016-03-06
293,6334319,1000049,P00000142,1,2019-12-26
294,9682523,1000049,P00127242,1,2017-01-21
295,8998840,1000049,P00034042,2,2016-08-17
296,7339538,1000049,P00143142,3,2016-02-05
297,3418509,1000050,P00317942,1,2015-08-28
298,6257861,1000050,P00335542,3,2017-12-18
299,3901760,1000051,P00361842,3,2016-10-05
300,8991808,1000052,P00147942,3,2015-04-03
301,1178501,1000052,P00000642,3,2015-03-25
302,9403799,1000052,P00037142,2,2015-04-27
303,2298705,1000052,P00028042,3,2015-05-04
304,7349699,1000053,P00117542,2,2015-07-08
305,7086674,1000053,P00120342,3,2016-02-02
306,1603858,1000053,P00130742,2,2018-07-21
307,6455143,1000053,P00024142,2,2015-07-17
308,7523885,1000053,P00127242,2,2020-11-12
309,7904130,1000053,P00209742,3,2019-04-28
310,4854800,1000053,P00160042,2,2019-12-27
311,7954843,1000053,P00042342,3,2019-02-25
312,1489334,1000053,P00016542,3,2019-09-02
313,7756507,1000053,P00016742,1,2018-05-02
314,8676884,1000053,P00227642,1,2017-02-02
315,5839216,1000053,P00146142,3,2017-04-13
316,3556546,1000053,P00070542,2,2019-03-30
317,1390012,1000053,P00129842,2,2020-07-06
318,4681256,1000053,P00243942,3,2019-08-05
319,4296665,1000053,P00246742,1,2018-09-24
320,5634798,1000053,P00310142,2,2017-07-30
321,1265159,1000053,P00244142,1,2015-12-29
322,5251416,1000053,P00085442,2,2017-12-08
323,7823794,1000053,P00190142,2,2020-01-21
324,5834610,1000053,P00109242,1,2019-01-12
325,5820902,1000053,P00089342,1,2020-02-04
326,9237764,1000053,P00288542,3,2020-03-29
327,3572258,1000053,P00212242,2,2017-01-14
328,8020203,1000053,P00319342,1,2016-12-21
329,5627445,1000053,P00302942,2,2017-04-24
330,5345438,1000053,P00145942,1,2020-01-20
331,3126185,1000053,P00026342,3,2016-03-25
332,8188637,1000053,P00148842,1,2019-04-13
333,5287004,1000054,P00299842,1,2017-05-07
334,7120204,1000054,P00313342,2,2020-07-22
335,7098052,1000056,P00102442,3,2017-02-05
336,2689302,1000056,P00237542,3,2019-12-14
337,9580524,1000056,P00213742,1,2019-11-22
338,9717388,1000056,P0099342,1,2019-11-12
339,8787147,1000057,P00171542,1,2018-11-03
340,7858678,1000057,P00135742,1,2015-02-16
341,7017524,1000057,P00350342,1,2020-01-29
342,3477697,1000058,P00110742,2,2018-05-25
343,2570719,1000058,P00117642,2,2016-05-27
344,9584946,1000058,P00114142,1,2018-03-20
345,3883506,1000058,P00119142,1,2019-01-26
346,1627908,1000058,P00280742,3,2020-07-15
347,7909379,1000058,P00271142,1,2016-06-09
348,3047322,1000058,P00348242,2,2018-08-15
349,6861843,1000058,P00003942,1,2020-02-18
350,5067617,1000058,P00282642,2,2017-06-18
351,2043612,1000058,P00288642,2,2016-07-22
352,7079844,1000058,P00151742,3,2020-08-14
353,4913497,1000058,P00244142,1,2015-09-17
354,3134876,1000058,P00050642,3,2018-07-14
355,2270597,1000059,P00114742,2,2020-09-02
356,2645547,1000059,P00113942,1,2018-02-24
357,1027787,1000059,P00120942,1,2018-10-08
358,3015555,1000059,P00083842,1,2020-08-07
359,7375997,1000059,P00148642,2,2015-05-28
360,4890401,1000059,P00317842,2,2020-02-01
361,1527495,1000059,P00030642,3,2019-08-25
362,5368610,1000059,P00273642,1,2015-12-19
363,8772147,1000059,P00002542,2,2019-01-11
364,8881753,1000059,P00331642,2,2019-12-27
365,4307117,1000059,P00331242,1,2020-12-08
366,9381458,1000059,P0096442,2,2015-08-26
367,7281733,1000059,P00050242,1,2015-10-22
368,4505239,1000059,P00131942,3,2020-10-01
369,7070010,1000059,P00010742,1,2017-03-28
370,4482953,1000060,P00150542,3,2018-04-18
371,1182896,1000060,P00132042,3,2016-08-15
372,2431261,1000061,P00334242,3,2016-03-04
373,4904031,1000062,P00013742,2,2020-10-13
374,5668418,1000062,P00036842,2,2019-07-02
375,5577591,1000062,P00119342,2,2017-08-22
376,2694410,1000062,P00182142,2,2019-10-09
377,3839693,1000062,P00188942,2,2016-07-24
378,2369868,1000062,P00203142,1,2019-07-20
379,2937608,1000062,P00320442,1,2015-12-18
380,2233794,1000062,P00121642,2,2015-04-04
381,3970608,1000062,P00289542,3,2016-06-19
382,4475000,1000062,P00329742,1,2016-11-26
383,7442803,1000062,P00326642,2,2016-09-09
384,1523965,1000062,P00346142,3,2015-08-11
385,5102439,1000062,P00336142,2,2020-05-27
386,5502192,1000062,P00111442,1,2015-10-18
387,2807158,1000062,P00087242,3,2018-08-18
388,8422316,1000063,P00234742,3,2020-05-30
389,2123888,1000063,P00021742,1,2020-01-19
390,2265735,1000063,P00090842,1,2017-08-01
391,4338018,1000063,P00214542,1,2015-03-21
392,2996723,1000064,P00110942,2,2018-06-02
393,8917714,1000065,P00289942,1,2020-08-11
394,2743494,1000065,P00147942,2,2017-05-02
395,3256436,1000065,P00216142,3,2017-09-21
396,8548759,1000065,P00104842,1,2019-06-03
397,8231903,1000065,P00113142,3,2015-05-28
398,1783509,1000065,P00177942,1,2016-09-17
399,9056476,1000066,P00265242,1,2015-09-08
400,5462217,1000067,P00118142,2,2019-02-11
401,9694152,1000067,P00003642,2,2018-03-21
402,6849233,1000067,P00178342,1,2015-05-16
403,1014987,1000068,P00289742,2,2016-07-20
404,8264255,1000068,P00085042,1,2020-02-19
405,1125624,1000068,P00248942,1,2019-11-29
406,8700827,1000069,P00184942,1,2019-05-31
407,5940085,1000069,P00041542,3,2016-05-13
408,6112634,1000070,P00249142,1,2015-11-16
409,5056504,1000070,P00284042,3,2016-10-30
410,4740184,1000071,P00165442,3,2018-05-23
411,6483119,1000071,P00115942,2,2016-08-09
412,4039749,1000071,P00278642,1,2015-11-04
413,6278650,1000071,P00021742,3,2018-04-11
414,6031529,1000072,P00156442,1,2016-12-09
415,6314881,1000072,P00318742,3,2015-03-22
416,8247369,1000073,P00351142,2,2016-06-06
417,8770720,1000073,P00074442,3,2015-12-03
418,5521114,1000073,P00047242,1,2018-03-25
419,4656249,1000073,P00199042,1,2019-09-30
420,9534322,1000073,P00192542,2,2016-04-28
421,5413826,1000074,P00351142,3,2020-06-04
422,6092749,1000074,P00350042,2,2015-08-18
423,4425756,1000075,P00248442,3,2017-06-30
424,3251860,1000075,P00172842,3,2016-07-14
425,5501208,1000075,P00198142,3,2020-10-18
426,9543346,1000075,P00282142,2,2016-11-01
427,3739536,1000075,P00166942,3,2015-07-09
428,7788317,1000075,P00187742,1,2020-05-06
429,3221069,1000075,P00003442,3,2017-08-24
430,1200380,1000075,P00060242,1,2018-12-31
431,1706486,1000075,P00137642,1,2020-11-28
432,2481224,1000075,P00106742,1,2020-02-20
433,2717308,1000076,P00126142,1,2020-11-04
434,6191658,1000076,P00219842,1,2016-08-22
435,3007407,1000076,P00046142,2,2020-02-26
436,9226992,1000076,P00338442,3,2019-08-28
437,5200489,1000076,P00328142,3,2018-07-30
438,2332912,1000077,P00255542,2,2020-12-16
439,3652292,1000077,P00250842,3,2017-08-25
440,7150549,1000077,P00260142,2,2020-01-19
441,7398442,1000078,P0097142,2,2017-01-29
442,1162573,1000078,P00209842,2,2019-11-29
443,3993903,1000078,P00212942,3,2018-12-28
444,7802074,1000078,P00283942,2,2017-02-12
445,2210163,1000078,P00303242,1,2019-03-23
446,5318260,1000078,P00170442,3,2019-03-26
447,5542538,1000078,P00045842,3,2018-09-24
448,1565675,1000078,P00040442,3,2016-03-17
449,1656946,1000079,P00195842,2,2017-07-08
450,6074751,1000079,P00148642,3,2017-11-27
451,1230928,1000080,P00157542,1,2017-04-19
452,3981911,1000080,P00293242,2,2015-12-04
453,4167282,1000080,P00064042,2,2015-08-04
454,4925224,1000081,P00344242,2,2016-02-23
455,6436191,1000082,P00015542,1,2017-11-18
456,5505086,1000082,P00001642,2,2018-05-14
457,8565762,1000083,P00105142,1,2018-01-06
458,2351003,1000083,P00251242,1,2017-09-19
459,2178030,1000083,P00183442,3,2016-02-08
460,4868717,1000083,P00199442,2,2016-08-07
461,7113083,1000083,P00054542,3,2020-05-24
462,8560268,1000084,P00034742,3,2017-03-21
463,4120941,1000084,P00042242,1,2020-03-27
464,3714192,1000084,P00277442,3,2020-03-03
465,5779532,1000084,P00163142,2,2020-01-13
466,1725136,1000085,P00027142,2,2016-12-15
467,6383406,1000086,P00145042,1,2016-01-20
468,5461383,1000086,P00053942,1,2019-10-05
469,2115877,1000087,P00173342,2,2015-01-19
470,2573556,1000087,P00233342,1,2016-04-01
471,8270047,1000087,P00036842,1,2015-01-03
472,4250943,1000088,P00010842,3,2016-10-01
473,8746790,1000088,P00120242,2,2017-11-16
474,2288448,1000088,P00313342,1,2016-07-14
475,7855570,1000089,P00223942,1,2018-05-04
476,2094044,1000089,P00362342,1,2015-11-20
477,4106536,1000090,P00027542,3,2015-01-14
478,5748118,1000090,P00051442,1,2019-06-16
479,7191759,1000090,P00234842,3,2017-05-25
480,6368655,1000090,P00029242,1,2019-02-08
481,8306625,1000090,P0097842,2,2019-11-15
482,2832882,1000090,P00160942,2,2015-05-26
483,8343341,1000090,P00136542,1,2017-12-30
484,7087197,1000090,P00223242,2,2018-06-15
485,7172537,1000090,P00127942,2,2020-01-16
486,3569880,1000090,P00248542,2,2017-07-17
487,7720060,1000090,P00145842,1,2016-01-05
488,6006897,1000090,P00214342,1,2017-04-26
489,6806136,1000090,P00161542,2,2020-06-28
490,3649905,1000090,P00001942,3,2018-09-25
491,1268903,1000091,P00010842,3,2015-02-12
492,2604057,1000091,P00220442,1,2017-01-02
493,3738591,1000091,P00278642,2,2019-03-04
494,3154297,1000091,P00138542,3,2016-03-01
495,9751809,1000092,P00317942,2,2017-02-18
496,9852630,1000092,P00190042,2,2017-03-25
497,3690332,1000092,P00328042,2,2015-12-19
498,7337627,1000092,P00370242,3,2020-08-31
499,2355767,1000092,P00340642,3,2016-06-10
500,9176477,1000092,P00358242,2,2017-04-04
501,3040446,1000092,P0096542,2,2020-10-29
502,3971356,1000092,P0096942,3,2018-02-12
503,3469977,1000092,P00074142,2,2016-06-22
504,4462260,1000092,P00273442,1,2020-03-02
505,1411887,1000092,P00270042,3,2020-08-12
506,6234230,1000092,P00255842,1,2016-07-22
507,2692677,1000092,P00223842,1,2020-06-30
508,4981437,1000092,P00014842,3,2020-05-01
509,8905725,1000092,P00274342,2,2017-09-30
510,4265838,1000093,P00199442,3,2018-01-13
511,2469674,1000093,P00216342,2,2018-06-20
512,8780281,1000093,P00070542,3,2019-02-21
513,3212974,1000093,P00112542,1,2020-03-12
514,8950967,1000093,P00346142,3,2015-10-19
515,1885214,1000093,P00208742,1,2016-07-10
516,1643039,1000093,P00248942,3,2018-03-22
517,5888932,1000093,P00351142,2,2017-02-19
518,7811025,1000093,P00304442,1,2019-11-06
519,3445274,1000093,P00014042,3,2016-05-07
520,5417614,1000093,P00028442,1,2016-02-23
521,9730317,1000093,P00155442,1,2015-02-13
522,3782939,1000093,P00133442,2,2015-12-13
523,8611278,1000093,P00159842,1,2018-09-14
524,8125080,1000093,P00019942,2,2017-07-15
525,2899453,1000093,P00366542,1,2018-10-03
526,9642991,1000094,P00117042,1,2017-05-15
527,5057281,1000095,P00141942,3,2018-03-10
528,2604013,1000095,P00003642,3,2016-02-01
529,7682371,1000096,P00117942,2,2019-06-24
530,7258573,1000096,P00001742,1,2020-01-30
531,9053845,1000097,P00209842,3,2018-01-03
532,9455515,1000097,P00293742,2,2015-12-21
533,3108786,1000097,P00315442,3,2019-11-13
534,1697475,1000097,P00297642,3,2018-06-17
535,9753763,1000097,P00088542,1,2016-02-29
536,1874058,1000097,P00089042,1,2019-04-08
537,4093347,1000097,P00175742,2,2019-12-08
538,4819740,1000097,P00115942,3,2018-09-05
539,5406945,1000099,P00317842,1,2015-11-23
540,7267099,1000099,P00334242,1,2016-02-16
541,9854048,1000099,P00035542,2,2015-09-17
542,1053623,1000099,P00129542,3,2016-08-24
543,2672882,1000099,P00234842,3,2018-07-26
544,4518275,1000100,P00057942,3,2019-08-22
545,1308108,1000100,P00037142,1,2016-05-30
546,8666433,1000100,P00059442,1,2016-04-27
547,8210094,1000101,P00278042,3,2017-01-06
548,3531695,1000101,P00154042,2,2019-10-05
549,7450082,1000101,P00014042,3,2018-07-14
550,8599862,1000101,P00262242,1,2020-06-06
551,3141347,1000102,P00010842,1,2015-03-03
552,4574087,1000102,P00334242,1,2020-09-22
553,5181419,1000102,P00337942,2,2015-03-28
554,8140638,1000102,P00274942,1,2020-01-12
555,4791284,1000102,P00229342,3,2015-04-30
556,2518417,1000102,P00274242,2,2017-07-24
557,7489838,1000102,P00084642,3,2019-05-18
558,5270596,1000103,P00071242,3,2018-06-03
559,9359493,1000103,P00050442,1,2016-12-20
560,4112316,1000103,P0097342,1,2015-09-14
561,8847163,1000103,P00165442,2,2019-04-30
562,3405548,1000105,P00269542,2,2020-12-20
563,6142736,1000105,P00045542,3,2019-04-13
564,6141527,1000105,P00139742,3,2015-07-10
565,4807225,1000105,P00332242,1,2019-08-13
566,1074718,1000106,P00205442,1,2017-09-10
567,9512371,1000106,P00085542,2,2020-10-29
568,5339749,1000106,P00112142,3,2020-02-04
569,3335201,1000107,P00323742,2,2015-02-17
570,4494796,1000107,P00183142,2,2020-04-22
571,5846547,1000107,P00344242,2,2018-02-28
572,1483802,1000107,P00298242,3,2019-10-05
573,2846573,1000107,P00300942,1,2015-10-10
574,2256499,1000107,P0097142,2,2020-09-23
575,8971306,1000108,P00013942,1,2015-09-20
576,8944546,1000109,P00087042,3,2018-04-07
577,5535382,1000109,P00087342,2,2019-01-27
578,1232403,1000109,P00195642,3,2015-11-07
579,1551108,1000110,P00035842,1,2016-04-07
580,9773260,1000111,P00036842,2,2018-05-30
581,3677276,1000111,P00013942,2,2015-12-24
582,2609355,1000112,P00289942,1,2018-07-07
583,9109577,1000113,P00351142,3,2015-07-05
584,4670623,1000113,P00147342,2,2017-08-07
585,6953185,1000114,P00350942,3,2018-08-09
586,1446480,1000114,P00176842,2,2015-12-12
587,4491227,1000116,P00275842,2,2019-08-12
588,3726076,1000116,P00192542,3,2016-12-08
589,4548825,1000117,P00351342,3,2020-01-26
590,8246485,1000117,P00184142,2,2015-03-31
591,4597504,1000117,P00317342,1,2015-01-30
592,3303646,1000117,P00217242,2,2017-05-03
593,7877569,1000117,P00014542,2,2018-09-28
594,1553272,1000117,P00021742,1,2019-10-28
595,4258001,1000117,P00358242,1,2018-06-20
596,6691876,1000117,P00335442,3,2020-01-26
597,5361336,1000117,P0098342,2,2018-11-12
598,9667117,1000117,P00079742,3,2020-09-09
599,6332792,1000117,P00143642,1,2020-02-18
600,8399300,1000117,P00251342,1,2015-12-11
601,9434522,1000117,P00232342,3,2019-02-25
602,7252115,1000117,P00179042,1,2017-05-24
603,9523550,1000117,P00180942,2,2016-02-10
604,8199702,1000117,P00265742,1,2020-11-06
605,9381100,1000118,P00194542,2,2017-08-10
606,8239536,1000118,P00001742,3,2020-04-26
607,4005295,1000118,P00127642,2,2020-08-24
608,2349594,1000118,P00355142,3,2016-06-30
609,9702248,1000118,P00144642,3,2015-07-27
610,3179379,1000118,P00201342,2,2016-08-29
611,6666107,1000118,P00251942,3,2016-09-04
612,2433504,1000118,P00009342,2,2017-06-29
613,6632797,1000118,P00345842,1,2020-10-11
614,7052125,1000118,P00191442,3,2015-12-29
615,7371048,1000118,P00223242,3,2017-03-09
616,9612663,1000118,P00120342,1,2017-11-23
617,8296248,1000119,P00330642,1,2020-11-27
618,9085610,1000119,P00238542,3,2020-01-05
619,4165018,1000119,P0094942,1,2017-12-30
620,1755563,1000119,P00068042,1,2018-04-16
621,8585381,1000119,P00227642,3,2015-08-13
622,3849301,1000120,P00005042,2,2018-04-02
623,8351971,1000121,P00102042,3,2017-10-09
624,5262493,1000121,P00059742,1,2016-12-03
625,6672289,1000122,P00142142,2,2019-05-23
626,2194358,1000123,P00248142,3,2015-01-10
627,3520735,1000123,P00279342,1,2018-04-02
628,2862155,1000123,P00267542,1,2018-10-04
629,9694245,1000123,P00217742,1,2018-04-07
630,2515855,1000123,P00113242,2,2019-06-05
631,9453810,1000123,P00000642,1,2018-11-13
632,6651400,1000123,P00163342,2,2015-07-31
633,1753831,1000123,P00116842,3,2019-10-09
634,2340994,1000123,P00036842,3,2018-10-08
635,8641158,1000123,P00278042,3,2020-10-31
636,6190315,1000123,P00348742,2,2017-12-24
637,7394295,1000123,P00061142,2,2016-05-12
638,2070980,1000123,P00015942,2,2018-11-24
639,3961377,1000123,P00346542,2,2018-02-21
640,1841861,1000123,P00188742,2,2020-06-10
641,4963878,1000123,P00346942,2,2017-01-06
642,5751776,1000123,P00212542,1,2018-02-13
643,2206155,1000123,P00007042,1,2018-01-02
644,1776712,1000123,P00240242,2,2018-09-25
645,5189579,1000124,P00291042,3,2017-09-08
646,9942400,1000125,P00244642,1,2015-08-10
647,7610640,1000125,P00090542,3,2017-08-29
648,2205669,1000125,P00274142,1,2020-05-20
649,4618981,1000125,P00266642,1,2019-10-21
650,6148449,1000125,P00182142,2,2018-06-17
651,8750331,1000125,P00270542,2,2015-08-31
652,1552799,1000126,P00087042,3,2018-06-27
653,1975093,1000126,P00121642,3,2020-02-18
654,9738809,1000127,P00145042,3,2018-08-03
655,5921108,1000127,P00086442,1,2018-11-21
656,2710979,1000127,P00361842,3,2019-02-08
657,2920667,1000127,P00057442,3,2019-11-04
658,9700243,1000127,P00078142,2,2020-08-12
659,2330517,1000128,P00245642,3,2019-12-30
660,2809443,1000129,P00037542,3,2016-12-08
661,2447886,1000129,P00049842,2,2018-04-22
662,7658164,1000129,P00022942,3,2018-07-19
663,8474718,1000129,P00000642,1,2016-02-08
664,3172862,1000129,P00183442,3,2017-08-25
665,6579035,1000130,P00350442,3,2019-10-25
666,6036952,1000130,P00119542,3,2020-02-24
667,8742363,1000130,P00025442,1,2019-11-07
668,5263947,1000130,P00080342,1,2018-02-10
669,9259343,1000130,P00127642,3,2017-01-27
670,9881176,1000130,P00127242,3,2018-05-17
671,9341152,1000130,P00338542,2,2015-03-25
672,1528972,1000130,P00246142,1,2020-10-28
673,5857864,1000130,P00317642,1,2019-12-21
674,4684231,1000130,P00339542,2,2015-12-22
675,4676334,1000130,P00277442,3,2019-04-30
676,4048962,1000131,P00170642,2,2020-03-09
677,9902094,1000131,P00115442,3,2015-02-21
678,5733965,1000131,P00212742,2,2020-05-28
679,8245902,1000131,P00209842,2,2019-03-05
680,5459656,1000131,P00150742,1,2018-08-14
681,4876912,1000131,P00154642,1,2017-09-26
682,2250406,1000131,P00109342,3,2020-01-24
683,2222925,1000131,P00162642,2,2018-07-04
684,6698488,1000131,P00192542,1,2017-02-03
685,4211689,1000131,P00017042,2,2015-05-31
686,4585825,1000132,P00100842,2,2017-11-12
687,3414255,1000132,P00329442,3,2017-07-19
688,3378881,1000132,P00303842,2,2015-10-02
689,5765457,1000132,P00045842,3,2018-03-18
690,5231132,1000132,P00250242,3,2018-02-07
691,3173436,1000133,P00012542,3,2017-09-01
692,7748624,1000133,P00152442,3,2016-03-15
693,4498179,1000133,P00058442,1,2019-05-08
694,8922616,1000133,P00303842,3,2015-06-06
695,7612725,1000133,P00248342,3,2017-05-16
696,4822780,1000134,P00218642,1,2015-01-24
697,2774559,1000134,P00125942,3,2019-04-23
698,2703731,1000134,P00241542,2,2017-05-22
699,4921876,1000134,P00346442,3,2016-08-23
700,3115901,1000135,P00295942,2,2016-12-09
701,1027483,1000135,P00248942,2,2019-01-10
702,5698171,1000135,P00270142,2,2015-07-15
703,4322824,1000136,P0099042,3,2015-04-21
704,9099056,1000136,P00367142,3,2018-02-24
705,2188054,1000136,P00233342,1,2017-03-20
706,5344965,1000136,P00118842,1,2020-05-16
707,9253663,1000136,P00034842,2,2020-03-09
708,3962037,1000136,P00001142,1,2018-02-03
709,8508262,1000136,P00008842,2,2019-02-26
710,5993785,1000136,P00222142,2,2018-12-28
711,1281460,1000136,P00059442,3,2020-08-09
712,3237037,1000136,P00189842,2,2020-02-02
713,2005279,1000136,P00074142,2,2019-04-21
714,6769970,1000136,P00051942,1,2019-10-28
715,8116499,1000136,P00013742,1,2018-08-16
716,5449135,1000136,P00321742,1,2019-03-30
717,1907050,1000137,P00250842,1,2019-11-08
718,7450866,1000137,P00198742,1,2019-09-21
719,2768241,1000137,P00010742,2,2017-07-09
720,5078516,1000137,P00303342,2,2016-01-18
721,2239972,1000137,P00004242,3,2019-06-28
722,8514097,1000137,P00173942,3,2017-03-27
723,7047890,1000137,P00058442,2,2020-01-30
724,7580584,1000137,P00124642,3,2018-08-31
725,6707200,1000137,P00026042,1,2017-06-01
726,9080758,1000138,P00113242,1,2019-04-28
727,6988818,1000138,P00081142,3,2020-12-29
728,3022928,1000138,P00135742,2,2018-09-23
729,7102010,1000139,P00329542,3,2019-08-25
730,4170586,1000139,P00249642,1,2019-05-01
731,3257612,1000139,P00020142,3,2018-12-04
732,8329528,1000139,P00274942,2,2020-08-28
733,9474076,1000139,P00110842,2,2020-03-19
734,4810969,1000139,P00121342,3,2019-12-27
735,5187261,1000139,P00121642,3,2020-08-15
736,4584248,1000139,P00159542,1,2015-08-09
737,3235876,1000139,P00115142,3,2019-05-24
738,5432506,1000139,P00044442,2,2019-11-02
739,2864823,1000139,P00227542,3,2020-06-30
740,3813041,1000139,P00127842,2,2016-12-03
741,4425420,1000139,P00241642,2,2018-03-27
742,5617959,1000139,P00226742,2,2019-01-31
743,4239217,1000140,P00062842,3,2018-05-29
744,5068369,1000140,P00084642,2,2020-12-22
745,7176970,1000142,P00192042,1,2017-08-15
746,3905511,1000142,P00002542,3,2018-11-26
747,3279574,1000142,P00028842,3,2016-06-11
748,2920493,1000142,P00184942,3,2015-01-15
749,5826689,1000142,P00025442,2,2018-02-06
750,6842822,1000143,P00250242,3,2018-07-31
751,3772839,1000143,P00184942,3,2020-09-16
752,3519284,1000143,P00284642,2,2017-12-05
753,1521717,1000145,P00250342,3,2020-10-30
754,7182684,1000145,P00317842,2,2019-10-14
755,3105795,1000145,P00214142,2,2017-11-23
756,7912995,1000145,P00248342,1,2020-05-09
757,9338239,1000146,P00248942,2,2016-04-18
758,9275493,1000146,P00188542,3,2019-02-05
759,3210385,1000146,P00081142,2,2017-01-30
760,5361553,1000146,P00088242,3,2015-05-25
761,1253544,1000146,P00223842,3,2016-11-18
762,3124761,1000146,P00121042,1,2019-10-16
763,3488977,1000146,P00027142,3,2019-03-12
764,3825811,1000146,P00114142,3,2018-05-10
765,4457781,1000146,P00116742,2,2019-01-24
766,6382539,1000146,P00289642,2,2019-07-19
767,4095727,1000146,P00118442,2,2016-02-12
768,6955874,1000146,P00227742,1,2016-09-03
769,6249931,1000146,P00127542,1,2015-03-17
770,2710791,1000146,P00010842,2,2016-08-26
771,7776732,1000146,P00323942,1,2016-06-06
772,1203845,1000146,P00101142,3,2016-11-02
773,2721846,1000146,P00203142,1,2019-04-20
774,8785352,1000146,P00112342,1,2015-05-27
775,6432977,1000146,P00129642,3,2017-02-04
776,5375471,1000146,P00178642,2,2016-01-09
777,7986105,1000146,P00288442,3,2018-12-19
778,7504389,1000146,P00274042,1,2017-07-08
779,6664382,1000146,P00091842,2,2016-02-29
780,9403469,1000146,P00320442,3,2016-05-29
781,6849245,1000147,P00184942,2,2020-02-02
782,3402879,1000147,P00016042,2,2017-11-12
783,4812275,1000147,P00214242,1,2018-08-30
784,4199171,1000147,P00110742,1,2015-05-16
785,3394779,1000147,P00008542,3,2018-08-18
786,1092304,1000147,P00352142,3,2018-05-25
787,4395615,1000147,P00150942,3,2016-03-01
788,2684997,1000148,P00184942,3,2020-03-09
789,1919405,1000148,P00118442,1,2017-03-05
790,7679991,1000148,P00317442,1,2018-07-11
791,9291206,1000148,P00063342,2,2015-04-15
792,9089357,1000148,P00042142,2,2017-10-25
793,8197250,1000148,P00047242,2,2019-11-01
794,4124962,1000148,P00114542,2,2017-10-13
795,1362014,1000148,P00156742,2,2015-03-17
796,8101267,1000148,P00119242,1,2017-03-27
797,9788682,1000148,P00190742,1,2020-09-15
798,7846540,1000148,P00199442,2,2016-12-28
799,8519772,1000148,P00193042,3,2020-01-23
800,2229392,1000148,P00327842,2,2018-05-18
801,6832813,1000148,P00005042,1,2017-04-23
802,6371438,1000148,P00057242,3,2016-11-18
803,1121049,1000148,P00074442,2,2020-08-14
804,6864141,1000148,P00214342,2,2016-07-31
805,6212993,1000148,P00036542,3,2015-08-15
806,9806610,1000148,P00181842,2,2019-05-01
807,5368434,1000148,P00304742,3,2016-10-27
808,7864790,1000149,P00109242,1,2017-09-18
809,1761305,1000149,P00289342,2,2017-05-01
810,3026520,1000149,P00213742,2,2016-11-26
811,6983878,1000149,P00293242,3,2019-09-25
812,9987739,1000149,P00163842,2,2019-03-31
813,4312036,1000149,P00046142,2,2018-08-15
814,7621560,1000149,P00028242,3,2020-03-10
815,5254595,1000149,P00028542,2,2017-08-27
816,6154579,1000149,P00051442,3,2020-02-15
817,4018379,1000149,P00100842,1,2015-06-18
818,2079309,1000149,P00184442,2,2017-12-13
819,9294412,1000149,P00345842,1,2018-03-04
820,7146718,1000149,P00323942,1,2015-10-19
821,8436647,1000149,P00137542,1,2015-09-25
822,4758707,1000149,P00030842,1,2019-08-03
823,8109037,1000149,P00150342,2,2019-08-06
824,4676181,1000149,P00369742,2,2019-10-29
825,8257657,1000149,P00069042,2,2020-04-02
826,7603491,1000149,P00277942,1,2019-09-23
827,2586754,1000149,P00283942,2,2017-06-21
828,7887889,1000149,P00207042,2,2018-08-18
829,1422713,1000149,P00350342,2,2018-01-20
830,1851032,1000150,P00294542,3,2017-12-01
831,5228208,1000150,P00174442,1,2017-11-16
832,4467054,1000150,P00033642,1,2020-11-04
833,3211343,1000150,P00025442,3,2018-02-09
834,5889395,1000150,P00120042,3,2017-09-04
835,2705316,1000150,P00086042,2,2016-10-08
836,4971512,1000150,P00198142,2,2019-04-10
837,2440796,1000150,P00057742,1,2018-05-13
838,5006327,1000150,P00101942,1,2017-08-13
839,3190194,1000150,P00113342,2,2015-07-10
840,5299274,1000151,P00112142,2,2015-08-21
841,7963247,1000151,P00062842,1,2017-04-04
842,7944383,1000151,P00052642,1,2017-11-30
843,5890546,1000151,P00021642,2,2016-10-01
844,5604732,1000151,P00007342,3,2016-10-27
845,6625930,1000151,P00154742,2,2015-11-14
846,4938620,1000151,P00016342,3,2017-01-21
847,9420785,1000151,P00141842,3,2015-11-04
848,3165249,1000151,P00197442,1,2016-06-27
849,5295818,1000151,P00048642,1,2016-11-02
850,9935795,1000151,P00000642,1,2019-09-17
851,6865628,1000151,P00358742,3,2016-07-29
852,3310257,1000151,P00370342,3,2019-07-07
853,4958852,1000151,P00138542,2,2016-04-21
854,7477340,1000151,P00031442,3,2016-09-12
855,5702194,1000151,P00128242,2,2018-06-07
856,2168722,1000151,P00221342,3,2017-07-17
857,2776640,1000151,P00211142,1,2018-11-19
858,7306866,1000151,P00152742,3,2015-07-07
859,1555862,1000151,P00211042,3,2017-05-26
860,4473526,1000151,P00245642,1,2016-04-04
861,4869734,1000151,P00148342,1,2020-11-05
862,2910079,1000151,P00085242,3,2016-05-31
863,3205987,1000151,P00134342,3,2020-05-28
864,9659264,1000152,P00159942,3,2018-04-10
865,1938242,1000153,P00031642,1,2020-08-26
866,8536783,1000153,P00059442,1,2018-07-10
867,8833902,1000153,P00340642,3,2019-06-25
868,8792240,1000154,P00214242,1,2015-06-03
869,2867459,1000154,P00105142,2,2015-10-29
870,6027691,1000154,P00262242,1,2015-11-27
871,8980292,1000154,P00307342,3,2017-08-15
872,1585212,1000155,P00205642,2,2020-05-01
873,3714072,1000155,P00295942,1,2016-12-17
874,5334653,1000155,P00053942,3,2015-03-25
875,2961125,1000155,P00248142,2,2015-05-21
876,6679980,1000155,P00022542,1,2017-03-08
877,3900978,1000155,P00323842,2,2017-02-28
878,3416902,1000155,P00252442,2,2018-01-09
879,3850726,1000156,P00304842,2,2020-09-23
880,9384246,1000156,P00002542,1,2017-09-09
881,7356578,1000156,P00240142,3,2019-03-23
882,1818201,1000157,P00140042,1,2019-11-14
883,4630970,1000157,P00028442,2,2016-01-25
884,2375463,1000157,P00289042,1,2019-06-28
885,6576264,1000157,P00141442,1,2015-06-02
886,2841978,1000157,P00345742,1,2015-04-18
887,3138308,1000157,P00065342,2,2019-07-09
888,9401682,1000157,P00298142,2,2017-06-06
889,3572389,1000157,P00177942,1,2015-09-01
890,8318703,1000157,P00223242,1,2018-08-27
891,6858095,1000157,P00105942,3,2018-12-02
892,6730234,1000157,P00111542,3,2020-12-02
893,5676347,1000158,P00347242,1,2017-09-21
894,2089196,1000158,P00111542,3,2019-10-09
895,2441993,1000159,P00277642,3,2018-03-16
896,7304606,1000160,P00198042,1,2015-06-01
897,9123587,1000160,P00327842,1,2015-06-06
898,4785039,1000161,P00086042,3,2015-01-05
899,5017280,1000161,P00111542,1,2018-06-14
900,9456868,1000161,P00024042,1,2016-09-15
901,3977576,1000161,P00313342,3,2015-11-12
902,7970489,1000161,P00064942,3,2019-10-10
903,7233713,1000161,P00112442,3,2016-11-21
904,8684562,1000161,P00205442,3,2018-07-08
905,5708726,1000161,P00312942,2,2015-03-06
906,6548715,1000161,P00289942,1,2018-09-11
907,9443532,1000161,P00304442,3,2018-09-17
908,7761975,1000161,P00125742,1,2018-11-30
909,2244934,1000161,P00285742,3,2019-02-21
910,8916272,1000162,P00004842,2,2020-02-06
911,6995436,1000162,P00249142,2,2017-06-27
912,7910431,1000162,P00338442,1,2015-02-07
913,5213252,1000162,P00351142,1,2017-01-20
914,8959473,1000162,P00010242,2,2017-06-19
915,8183575,1000163,P00014742,2,2016-11-25
916,6684669,1000163,P00079442,1,2016-09-23
917,2953749,1000163,P00283942,3,2019-10-16
918,1491858,1000163,P00208942,1,2019-10-20
919,6139001,1000163,P00028242,1,2016-11-23
920,2364835,1000163,P00340642,2,2020-06-09
921,3146140,1000163,P00322342,3,2020-06-09
922,6503183,1000163,P00309142,2,2020-03-17
923,2317241,1000163,P00270942,2,2018-10-15
924,1166081,1000163,P00305142,2,2019-01-19
925,1982854,1000163,P00019342,1,2020-10-13
926,1689871,1000163,P00128042,1,2017-05-05
927,9622817,1000163,P00345642,3,2017-03-07
928,3096844,1000163,P00229742,3,2015-04-22
929,7215408,1000163,P00194642,1,2019-03-22
930,6729155,1000163,P00206442,3,2019-04-21
931,7611105,1000163,P00149542,1,2017-04-08
932,9814927,1000163,P00138242,2,2019-01-03
933,2551592,1000163,P00035242,2,2016-10-14
934,8960850,1000163,P00135842,1,2018-06-04
935,8773868,1000163,P00035742,2,2017-07-15
936,6265920,1000163,P00276642,2,2020-01-17
937,5109860,1000163,P00019142,1,2020-08-27
938,3352153,1000163,P00137642,1,2015-05-21
939,3840285,1000165,P00110942,1,2017-07-06
940,4270799,1000165,P00005042,2,2017-08-04
941,8182808,1000165,P00188442,3,2020-02-17
942,1529516,1000165,P00329542,3,2017-01-17
943,1166078,1000165,P00346342,3,2015-02-01
944,9418637,1000166,P00184942,3,2020-07-26
945,9036203,1000166,P00111042,3,2015-07-01
946,4743788,1000166,P00046742,2,2017-12-12
947,9690869,1000166,P00028842,3,2019-07-23
948,5181628,1000166,P00238442,1,2019-11-20
949,3427137,1000166,P00270242,1,2017-01-08
950,6721029,1000166,P00073842,2,2019-04-25
951,1064770,1000166,P00197342,1,2015-02-03
952,2533376,1000166,P00318142,3,2018-07-05
953,9789986,1000166,P00015542,3,2020-09-07
954,3831436,1000166,P00184142,3,2017-12-05
955,2471499,1000166,P00034742,2,2017-08-06
956,7647539,1000166,P00049642,1,2020-10-24
957,2079490,1000166,P00303642,3,2016-10-10
958,1375588,1000166,P00071442,3,2020-04-25
959,5436672,1000166,P00226442,2,2016-06-19
960,7841816,1000166,P00110542,2,2016-07-01
961,7509764,1000166,P00014542,3,2017-06-14
962,1500784,1000166,P0098542,3,2018-06-24
963,9602586,1000166,P00231142,2,2018-02-15
964,4027437,1000166,P00031542,1,2018-03-15
965,8673268,1000166,P00258742,3,2019-11-11
966,2362902,1000169,P00288042,2,2017-08-29
967,6428937,1000169,P00119142,2,2018-12-05
968,8610550,1000169,P00053842,2,2020-01-03
969,2673761,1000169,P00176042,1,2016-12-18
970,9282428,1000169,P00116142,1,2016-05-12
971,3139470,1000169,P00089442,2,2016-04-28
972,8354025,1000169,P00128942,1,2015-01-01
973,5533662,1000169,P00085442,1,2018-08-06
974,8581673,1000169,P00322042,2,2020-01-29
975,9918441,1000169,P00021742,3,2017-12-17
976,8876252,1000169,P00136542,1,2020-05-20
977,2418125,1000169,P00139942,3,2015-06-04
978,9302025,1000169,P00194442,2,2020-12-28
979,8052284,1000169,P00100642,2,2017-01-14
980,4102944,1000169,P00178442,2,2016-03-19
981,3692315,1000169,P00259342,1,2017-11-30
982,3553164,1000169,P00251342,2,2015-07-29
983,5145517,1000169,P00119742,1,2019-08-07
984,8300099,1000169,P00100842,3,2016-07-06
985,4034197,1000169,P00279642,1,2015-06-08
986,6247098,1000169,P00271142,1,2017-05-25
987,8665770,1000169,P00316742,2,2018-06-05
988,1918098,1000169,P00285742,3,2019-10-02
989,3450430,1000169,P00193542,3,2017-07-23
990,5795493,1000169,P00329342,2,2020-12-10
991,5343973,1000169,P00048142,1,2019-10-13
992,2157654,1000169,P00042942,3,2015-09-21
993,3697015,1000169,P00241242,3,2017-03-24
994,7748038,1000169,P00250542,2,2015-12-29
995,4796020,1000170,P00111142,3,2015-01-25
996,1536266,1000170,P00113342,2,2017-12-23
997,3024339,1000171,P00100442,3,2018-05-10
998,9934628,1000172,P00346542,3,2015-12-02
